{
    "keep": {
        "days": false,
        "amount": 30
    },
    "auditLog": "C:\\Users\\BIT\\WebstormProjects\\Redis-practices\\daeheon\\redis-03\\backend\\logs\\error\\.61464c8ed52a23437a090fa0f4dd86f8b7dc2fc0-audit.json",
    "files": [
        {
            "date": 1628497441243,
            "name": "C:\\Users\\BIT\\WebstormProjects\\Redis-practices\\daeheon\\redis-03\\backend\\logs\\error\\2021-08-09.error.log",
            "hash": "0e3ddab78e60a0874ab8e90845502fdc"
        },
        {
            "date": 1628652957733,
            "name": "C:\\Users\\BIT\\WebstormProjects\\Redis-practices\\daeheon\\redis-03\\backend\\logs\\error\\2021-08-11.error.log",
            "hash": "4d36c60d32fb361a36fb36a27a795603"
        }
    ]
}