{
    "keep": {
        "days": false,
        "amount": 30
    },
    "auditLog": "C:\\Users\\BIT\\WebstormProjects\\react-practices\\07.integration\\app01.emaillist\\backend\\logs\\error\\.b31f8ad6bcce9f94540292420d1a686e85d42733-audit.json",
    "files": [
        {
            "date": 1628477455507,
            "name": "C:\\Users\\BIT\\WebstormProjects\\react-practices\\07.integration\\app01.emaillist\\backend\\logs\\error\\2021-08-09.error.log",
            "hash": "2837deb3ae93286102885261222e24c3"
        }
    ]
}