{
    "keep": {
        "days": false,
        "amount": 30
    },
    "auditLog": "C:\\Users\\admin\\WebstormProjects\\Redis-practices\\daeheon\\redis-03\\backend\\logs\\error\\.fa9d1a7090365ee0c2e3e8e9c8cac5a04a19c1a2-audit.json",
    "files": [
        {
            "date": 1628673787623,
            "name": "C:\\Users\\admin\\WebstormProjects\\Redis-practices\\daeheon\\redis-03\\backend\\logs\\error\\2021-08-11.error.log",
            "hash": "75734dd555fef2817d431dde62ba4ed1"
        },
        {
            "date": 1628732423115,
            "name": "C:\\Users\\admin\\WebstormProjects\\Redis-practices\\daeheon\\redis-03\\backend\\logs\\error\\2021-08-12.error.log",
            "hash": "ca75a2d9a2ea65601b2cc782e294e7ac"
        },
        {
            "date": 1628812880325,
            "name": "C:\\Users\\admin\\WebstormProjects\\Redis-practices\\daeheon\\redis-03\\backend\\logs\\error\\2021-08-13.error.log",
            "hash": "24b7240b4cffce388e71a3b6241256ac"
        }
    ]
}