{
    "keep": {
        "days": false,
        "amount": 30
    },
    "auditLog": "C:\\Users\\admin\\WebstormProjects\\Redis-practices\\daeheon\\redis-03\\backend\\logs\\.4316e6982a9f1f16c991db87f5ff9b8e4fb8a7cd-audit.json",
    "files": [
        {
            "date": 1628673787613,
            "name": "C:\\Users\\admin\\WebstormProjects\\Redis-practices\\daeheon\\redis-03\\backend\\logs\\2021-08-11.log",
            "hash": "d415b89a7b0dbb7e80e0c83c74cf6afb"
        },
        {
            "date": 1628732423110,
            "name": "C:\\Users\\admin\\WebstormProjects\\Redis-practices\\daeheon\\redis-03\\backend\\logs\\2021-08-12.log",
            "hash": "7927a198e88c743fe7702a11965fae72"
        },
        {
            "date": 1628812880317,
            "name": "C:\\Users\\admin\\WebstormProjects\\Redis-practices\\daeheon\\redis-03\\backend\\logs\\2021-08-13.log",
            "hash": "a193b4dece97152969e7b735627ea8dc"
        }
    ]
}