{
    "keep": {
        "days": false,
        "amount": 30
    },
    "auditLog": "C:\\Users\\BIT\\WebstormProjects\\react-practices\\07.integration\\app01.emaillist\\backend\\logs\\.f55bfb8fd4e7c9a4c6c794456447aa1957e891e9-audit.json",
    "files": [
        {
            "date": 1628477455502,
            "name": "C:\\Users\\BIT\\WebstormProjects\\react-practices\\07.integration\\app01.emaillist\\backend\\logs\\2021-08-09.log",
            "hash": "59ba87dad674e4f4cff89fa5449f7d22"
        }
    ]
}