<?xml version="1.0" encoding="UTF-8" ?>

<!DOCTYPE mapper PUBLIC "-//mybatis.org//DTD Mapper 3.0//EN"
"http://mybatis.org/dtd/mybatis-3-mapper.dtd">

<mapper namespace="chatroom">



  <insert id="createRoom" parameterType="chatroom">
		<![CDATA[
			insert 
				into chat_room 
				values(null,#{title},#{password},#{thumbnailUrl},#{limitedUserCount},now(),#{onlyAuthorized},#{searchable},#{owner},#{secretRoom}, #{isDeleted})		
        ]]>
        <selectKey keyProperty="no" order="AFTER" resultType="Long">
            select last_insert_id()
        </selectKey>
	</insert>

  <select id="getAllChatList" parameterType="Long" resultType="map">
    <choose>
      <when test="value == 0">
        <![CDATA[
          select DISTINCT
            c.no, c.title, c.password, c.thumbnail_url as thumbnailUrl, c.limited_user_count as limitedUserCount, DATE_FORMAT(c.created_at , '%Y-%m-%d %H:%i:%s') as createdAt, c.only_authorized as onlyAuthorized , c.searchable, c.owner, c.secret_room as secretRoom,
              (select count(no) from participant where chat_room_no = c.no and is_deleted = false) as participantCount,
              (select DATE_FORMAT(created_at , '%Y-%m-%d %H:%i:%s') from message where chat_room_no = c.no order by created_at desc limit 1) as lastMessage,
            a.nickname, a.thumbnail_url as accountThumbnailUrl
          from 
            chat_room c, participant p, account a
          where
            c.no = p.chat_room_no
            and c.owner = a.no
            and c.is_deleted = false
            and c.searchable=true
          order by 
              c.no desc
          limit
            0, 15
        ]]>
        </when>
    <otherwise>
        <![CDATA[
        select DISTINCT
          c.no, c.title, c.password, c.thumbnail_url as thumbnailUrl, c.limited_user_count as limitedUserCount, DATE_FORMAT(c.created_at , '%Y-%m-%d %H:%i:%s') as createdAt, c.only_authorized as onlyAuthorized , c.searchable, c.owner, c.secret_room as secretRoom,
            (select count(no) from participant where chat_room_no = c.no and is_deleted = false) as participantCount,
            (select DATE_FORMAT(created_at , '%Y-%m-%d %H:%i:%s') from message where chat_room_no = c.no order by created_at desc limit 1) as lastMessage,
          a.nickname, a.thumbnail_url as accountThumbnailUrl
        from 
          chat_room c, participant p, account a
        where
          c.no = p.chat_room_no
          and c.owner = a.no
          and c.is_deleted = false
          and c.searchable=true
          and c.no < #{value}
        order by 
            c.no desc
        limit
          15
        ]]>
      </otherwise>
    </choose>
  </select>

  <select id="getRoomInfo" parameterType="Long" resultType="chatroom">
    <![CDATA[
      SELECT
          no, title, password, thumbnail_url as thumbnailUrl, limited_user_count as limitedUserCount, 
          created_at as createdAt, only_authorized as onlyAuthorized, searchable as searchable, owner,
          secret_room as secretRoom
      FROM
          chat_room
      WHERE
          no = #{chatRoomNo }
      ]]>
  </select>
<!-- 
  <select id="participatingRoom" parameterType="Long" resultType="map">
    <![CDATA[
      	SELECT DISTINCT
        c.no, c.title, c.thumbnail_url as thumbnailUrl, p.not_read_count as notReadCount, p.favorite_room as favoriteRoom,
			  (select count(no) from participant where chat_room_no = c.no and is_deleted = false) as participantCount,
		    (select ifnull(DATE_FORMAT(max(created_at), '%Y-%m-%d %H:%i:%s'), DATE_FORMAT(c.created_at, '%Y-%m-%d %H:%i:%s'))
			    from message 
          where chat_room_no = c.no) as leastMessageAt,  
        (select message
				  from message
				  where no = (select ifnull(max(no),"0") from message where chat_room_no = c.no)) as leastMessage
     FROM
          chat_room c, participant p
      WHERE
      c.no = p.chat_room_no and
          c.no IN (SELECT
                chat_room_no
              FROM
                  participant
                WHERE
                  account_no = #{no})
        AND 
				  p.is_deleted = false
        AND 
				  c.is_deleted = false
      order by 
        leastMessageAt desc
    ]]>
  </select> -->

  <select id="participatingRoom" parameterType="Long" resultType="map">
    <![CDATA[
         SELECT 
            c.no, c.title, c.thumbnail_url as thumbnailUrl, p.favorite_room as favoriteRoom, p.not_read_count as notReadCount, c.owner,
              (select count(no) from participant where chat_room_no = c.no and is_deleted = false) as participantCount,
                  (select ifnull(DATE_FORMAT(max(created_at), '%Y-%m-%d %H:%i:%s'), DATE_FORMAT(c.created_at, '%Y-%m-%d %H:%i:%s'))
                    from message 
                    where chat_room_no = c.no) as leastMessageAt,  
                  (select message
                    from message
                    where no = (select ifnull(max(no),"0") from message where chat_room_no = c.no)) as leastMessage
        FROM
            chat_room c, 
           (select is_deleted, chat_room_no, not_read_count, favorite_room from participant where account_no = #{accountNo }) p
        WHERE
          c.no = p.chat_room_no
          AND
          c.no IN (SELECT
                chat_room_no
              FROM
                  participant
              WHERE
                  account_no = #{accountNo })
          AND 
				    c.is_deleted = false
          AND			
            p.is_deleted= false
        ORDER BY 
          leastMessageAt desc
    ]]>
  </select>

  <select id="getRoomInfoNonMember" parameterType="Long" resultType="map">
   <![CDATA[
  SELECT 
            c.no, c.title, c.thumbnail_url as thumbnailUrl, p.favorite_room as favoriteRoom, p.not_read_count as notReadCount,
              (select count(no) from participant where chat_room_no = c.no and is_deleted = false) as participantCount,
                  (select ifnull(DATE_FORMAT(max(created_at), '%Y-%m-%d %H:%i:%s'), DATE_FORMAT(c.created_at, '%Y-%m-%d %H:%i:%s'))
                    from message 
                    where chat_room_no = c.no) as leastMessageAt,  
                  (select message
                    from message
                    where no = (select ifnull(max(no),"0") from message where chat_room_no = c.no)) as leastMessage
        FROM
            chat_room c, 
           (select is_deleted, chat_room_no, not_read_count, favorite_room from participant where no = #{value }) p
        WHERE
          c.no = p.chat_room_no
          AND
          c.no IN (SELECT
                chat_room_no
              FROM
                  participant
              WHERE
                  no= #{value })
          AND 
				    c.is_deleted = false
          AND			
            p.is_deleted= false
           ]]>
  </select>

  <select id="keywordSearch" parameterType="String" resultType="map">
    <![CDATA[
     	SELECT DISTINCT
            c.no, c.title, c.password, c.thumbnail_url as thumbnailUrl, c.limited_user_count as limitedUserCount, DATE_FORMAT(c.created_at , '%Y-%m-%d %H:%i:%s') as createdAt, c.only_authorized as onlyAuthorized , c.secret_room as secretRoom, c.searchable, c.owner,
        (select count(no) from participant where chat_room_no = c.no and is_deleted = false) as participantCount,
        (select DATE_FORMAT(created_at , '%Y-%m-%d %H:%i:%s') from message where chat_room_no = c.no order by created_at desc limit 1) as lastMessage
      FROM
          chat_room c, participant p
      WHERE
          c.no in (select
                      chat_room_no
                  FROM
                      chat_room_has_tag
                  where
                      tag_no in (select
                                  no
                                from
                                    tag
                                where 
                                    tag like CONCAT('%',#{searchValue},'%')))         
      OR
          c.title like CONCAT('%',#{searchValue},'%')
      AND 
          c.is_deleted = false
      AND 
          p.is_deleted = false
      AND
          c.searchable = true
    ]]>
  </select>

  <select id="getTagName" parameterType="Long" resultType="String">
    <![CDATA[
      select 
        tag
      from 
        tag 
      where no in (select 
              tag_no
            from 
              chat_room_has_tag
            where 
              chat_room_no = #{no})
    ]]>
  </select>

  <update id="changePassword" parameterType="chatRoom">
    <![CDATA[
      update chat_room
      set password= #{password }, secret_room= #{secretRoom }
      where no= #{no }
    ]]>
  </update>

  <update id="updateChatRoomInfo" parameterType="chatRoom">
    <![CDATA[
      update chat_room
      set title= #{title }, limited_user_count= #{limitedUserCount }
      , only_authorized= #{onlyAuthorized }, searchable = #{searchable} , thumbnail_url= #{thumbnailUrl }
    ]]>
    <choose>
    <when test='("").equals(password) == false'>
    <![CDATA[
      , password = #{password}, secret_room = #{secretRoom }
    ]]>
    </when>
    </choose>
    <![CDATA[
      where no = #{no }
    ]]>
  </update>
  
  <select id="isExistsPassword" parameterType="Long" resultType="String">
    <![CDATA[
      select 
        password
      from 
        chat_room
      where no = #{no}
    ]]>
  </select>

  <select id="checkPassword" parameterType="map" resultType="String">
    <![CDATA[
      select 
        password
      from 
        chat_room
      where no = #{no}
          and
          password = #{password}
    ]]>
  </select>

  <select id="getFavoriteRoomList" parameterType="map" resultType="chatroom">
    <![CDATA[
      SELECT 
        no, thumbnail_url as thumbnailUrl
      FROM 
        chat_room 
      where 
        no in (select chat_room_no from participant where is_deleted=false 
        AND
           ]]> 
        <choose>
          <when test="(0L).equals(accountNo)==false">
              <![CDATA[
                account_no=#{accountNo } 
              ]]>
          </when>
          <otherwise>
              <![CDATA[
                no= #{nonMemberNo } 
              ]]>
          </otherwise>
        </choose>
           <![CDATA[
        and favorite_room = 1)
        and is_deleted=false
     ]]>
  </select>
  
  <update id="deleteChatRoom" parameterType="Long">
    <![CDATA[
      update chat_room
      set is_deleted = true
      where no = #{no }
     ]]>
  </update>

  <select id="checkIsDeleted" parameterType="Long" resultType="Boolean">
    <![CDATA[
      select is_deleted
      from chat_room
      where no = #{no }
    ]]>
  </select>
  

  <update id="exitRoomNonmember" parameterType="map">
    <![CDATA[
      UPDATE 
        participant 
      SET
        is_deleted=1, chat_nickname="(알수없음)"
      WHERE
            no = #{participantNo }
      AND
        chat_room_no = #{chatRoomNo };
    ]]>
  </update> 

  <update id="exitRoomMember" parameterType="map">
    <![CDATA[
      UPDATE 
        participant 
      SET
        is_deleted=1
      WHERE
            no = #{participantNo }
      AND
        chat_room_no = #{chatRoomNo };
    ]]>
  </update>

  <update id="updateOwnerLeaved" parameterType="Long">
    <![CDATA[
      update 
        chat_room 
      set 
        is_deleted = 1 
      where 
        owner = #{accountNo}
    ]]>
  </update>

</mapper>