<?xml version="1.0" encoding="UTF-8" ?>

<!DOCTYPE mapper PUBLIC "-//mybatis.org//DTD Mapper 3.0//EN"
"http://mybatis.org/dtd/mybatis-3-mapper.dtd">

<mapper namespace="message">

    <insert id="addMessage" parameterType="message">
		<![CDATA[
			INSERT INTO 
                message 
            VALUES (null, #{participantNo }, #{message }, #{notReadCount}, #{createdAt }, #{chattingRoomNo })
        ]]>
        <selectKey keyProperty="no" order="AFTER" resultType="Long">
            select last_insert_id()
        </selectKey>
	</insert>



      <select id="getMessageList" parameterType="map" resultType="message">
        <choose>
            <when test="offset == 0">
                <![CDATA[
                    SELECT
                        m.no, m.participant_no as participantNo, m.message, m.not_read_count as notReadCount, m.created_at as createdAt, m.state,
                        a.thumbnail_url as thumbnailUrl, p.chat_nickname as nickname 
                    FROM
                        participant p 
                        LEFT JOIN
                        account a 
                        ON
                        p.account_no = a.no,
                        message m 
                    WHERE
                        m.chat_room_no = #{chatRoomNo }
                        AND
                        m.participant_no = p.no
                        AND
                        m.created_at > (select created_at from participant where no = #{participantNo } and chat_room_no = #{chatRoomNo} and is_deleted=false)
                    ORDER BY
                        no DESC
                    LIMIT 
                        #{offset }, 20
                ]]>
            </when>
            <otherwise>
                <![CDATA[
                    SELECT
                        m.no, m.participant_no as participantNo, m.message, m.not_read_count as notReadCount, m.created_at as createdAt, m.state,
                        a.thumbnail_url as thumbnailUrl, p.chat_nickname as nickname 
                    FROM
                        participant p 
                        LEFT JOIN
                        account a 
                        ON
                        p.account_no = a.no,
                        message m 
                    WHERE
                        m.chat_room_no = #{chatRoomNo }
                        AND
                        m.participant_no = p.no
                        AND
                        m.created_at > (select created_at from participant where no = #{participantNo } and chat_room_no = #{chatRoomNo} and is_deleted=false)
                        AND
                        m.no < #{offset }
                    ORDER BY
                        no DESC
                    LIMIT 
                        20
                ]]>
            </otherwise>
        </choose>
    </select>
 
    <update id="addMessageUpdate" parameterType="message">
    <![CDATA[
        update message
           set not_read_count = (select count(*) 
			    			     from participant
			    			     where chat_room_no= ${chatRoomNo })
        where no = ${no }
      ]]>
    <selectKey keyProperty="notReadCount" order="AFTER" resultType="Long">
     <![CDATA[
        select not_read_count as notReadCount 
        from message
        where no=#{no }
       ]]>
      </selectKey>
    </update>

    <update id="subtractNotReadCount" parameterType="participant">
     <![CDATA[
        update message
        set not_read_count = not_read_count -1
          ]]>
        <choose>
        <when test='chatRoomNo != null'>
            <![CDATA[
            where no > #{lastReadChatNo }
            and chat_room_no = #{chatRoomNo }
         ]]>
         </when>
         <otherwise>
         <![CDATA[  where no = #{lastReadChatNo }]]>
         </otherwise>
         </choose>
    </update>

     <update id="subtractNotReadCountOfAddMessage" parameterType="message">
     <![CDATA[
        update message
        set not_read_count = not_read_count -1
        where no = #{no }
          ]]>
     </update>

     <select id="getSearchMessage" parameterType="map" resultType="Object">
    <![CDATA[
        SELECT
            no
        FROM
            message
        WHERE
            message LIKE CONCAT('%', #{searchKeyword },'%')
            AND
            chat_room_no = #{chatRoomNo }
    ]]>
     </select>
     
     <select id="getLastReadChatNo" parameterType="Long" resultType="Long">
        <![CDATA[
            select ifnull(max(no), 0)
            from message
            where chat_room_no = #{no}
         ]]>
     </select>
</mapper>