<?xml version="1.0" encoding="UTF-8" ?>

<!DOCTYPE mapper PUBLIC "-//mybatis.org//DTD Mapper 3.0//EN"
"http://mybatis.org/dtd/mybatis-3-mapper.dtd">

<mapper namespace="participant">

 	<insert id="createParticipant" parameterType="participant">
		<![CDATA[
			INSERT INTO
				participant 
			VALUES
				(null,#{accountNo},#{chatRoomNo},#{chatNickname},#{notReadCount}, 0, now(), #{favoriteRoom }, null, 0)
        ]]>
        <selectKey keyProperty="no" order="AFTER" resultType="Long">
            select last_insert_id()
        </selectKey>
	</insert>

	<update id="updateExpirationDate" parameterType="map">
	<![CDATA[
		update participant 
		set expiration_date = #{expirationDate }
		where no = #{no } 
	]]>
	</update>

	<select id="getParticipantInfo" parameterType="Map" resultType="participant">
		<![CDATA[
			SELECT 
				p.no as no , p.chat_nickname AS chatNickname, p.chat_room_no AS chatRoomNo, p.not_read_count AS notReadCount, p.last_read_chat_no AS lastReadChatNo, p.account_no AS accountNo, a.thumbnail_url as thumbnailUrl	
			FROM
				participant p , account a
			WHERE
				p.account_no = a.no
			AND
				p.account_no = #{accountNo}
			AND
				p.chat_room_no = #{chatRoomNo}
			AND
				p.is_deleted=false
		]]>
	</select>

	<update id="updateLastReadNo" parameterType="participant">
		<![CDATA[
			UPDATE 
				participant
			SET 
				last_read_chat_no = #{lastReadChatNo }
			WHERE 
				no = #{no}
		]]>					
	</update>
	<update id="updateNotReadCount" parameterType="participant">
		<![CDATA[
			UPDATE
				participant
			SET 
				not_read_count = 0
			WHERE
				no = #{no}
		]]>	
	</update>
	<update id="updateLastReadNoForJoin" parameterType="participant">
		<![CDATA[
			UPDATE 
				participant
			SET 
				last_read_chat_no =  (select max(no) from message WHERE chat_room_no = #{chatRoomNo })
			WHERE 
				no = #{no}
		]]>					
	</update>

	<update id="addNotReadCount" parameterType="participant">
		<![CDATA[
			UPDATE 
				participant
			SET 
				not_read_count = not_read_count +1
			WHERE
				chat_room_no= #{chatRoomNo }
		]]>			
	</update>

	<update id="subtractNotReadCount" parameterType="participant">
		<![CDATA[
			UPDATE 
				participant
			SET 
				not_read_count = 0
			WHERE
				no= #{no }
		]]>			
	</update>

	<select id="getParticipantsList" parameterType="Long" resultType="participant">
	<![CDATA[
		SELECT
			p.no, p.account_no as accountNo, p.chat_room_no as chatRoomNo, p.chat_nickname as chatNickname, p.not_read_count as notReadCount, p.last_read_chat_no as lastReadChatNo,
			a.thumbnail_url as thumbnailUrl
		FROM
			participant p left join account a
            on  p.account_no = a.no
		WHERE
			chat_room_no = #{chatRoomNo }	
		AND
				p.is_deleted = 0
		ORDER BY
			p.chat_nickname
			
	]]>
	</select>
	<select id="nicknameValidation" parameterType="participant" resultType="String">
		<![CDATA[
			SELECT
				no
			FROM
				participant
			WHERE 
				chat_room_no = #{chatRoomNo}
				AND
				chat_nickname = #{chatNickname}
		]]>
  </select>

	<select id="getLastReadChatNo" parameterType="Long" resultType="Long">
		<![CDATA[
			SELECT
				ifnull(max(no), 0)
			FROM 
				message
			WHERE 
				chat_room_no = #{chatRoomNo}
		]]>
     </select>

	<update id="updateFavoriteRoom" parameterType="map" >
		<![CDATA[
			UPDATE 
				participant 
			SET 
				favorite_room = (IF(favorite_room=true, false, true)) 
			WHERE 
				chat_room_no= #{chatRoomNo }
					and
				account_no = #{accountNo}
		]]>		
	</update>

	<update id="updateParticipantLeaveMember" parameterType="Long" >
		<![CDATA[
			UPDATE 
				participant 
			SET 
				is_deleted = 1 
			WHERE 
				account_no = #{accountNo} 
		]]>	
	</update>
	
	<select id="isExistsParticipants" parameterType="Map" resultType="String">
		<![CDATA[
			SELECT
				no, account_no, chat_nickname
			FROM
				participant
			WHERE
				chat_room_no = #{chatRoomNo }
				AND
				]]>
				<choose>
					<when test="(0L).equals(accountNo)==false">
						<![CDATA[
							account_no=#{accountNo } 
						]]>
					</when>
					<otherwise>
						<![CDATA[
							no= #{nonMemberNo } 
						]]>
					</otherwise>
				</choose>
				<![CDATA[
				AND
				is_deleted = 0
		]]>

	</select>
	<update id="updateIsDeleted" parameterType="Long">
		<![CDATA[
			update participant
			set is_deleted = 1, chat_nickname="(알수없음)"
			where no = #{participantNo }
		]]>
	</update>

	<update id="updateIsDeletedWhereChatRoomNo" parameterType="Long">
		<![CDATA[
			update participant
			set is_deleted = 1
			where chat_room_no = #{chatRoomNo }
		]]>
	</update>

	<select id="getNonMemberInfo" parameterType="map" resultType="participant">
		<![CDATA[
		select 
			no, chat_nickname as chatNickname, chat_room_no as chatRoomNo, not_read_count as notReadCount, last_read_chat_no as lastReadChatNo
			,(select if(max(no),'true','false') from message where participant_no = #{no }) as hasData
		from
			participant
		where
			no = #{no }
		AND
			chat_room_no = #{chatRoomNo }
	]]>
</select>
</mapper>