<?xml version="1.0" encoding="UTF-8" ?>

<!DOCTYPE mapper PUBLIC "-//mybatis.org//DTD Mapper 3.0//EN"
"http://mybatis.org/dtd/mybatis-3-mapper.dtd">

<mapper namespace="tag">

    <insert id="insertTag" parameterType="tag">
		<![CDATA[
			insert 
				into tag 
				values(null, #{name})		
        ]]>
        <selectKey keyProperty="no" order="AFTER" resultType="Long">
            select last_insert_id()
        </selectKey>
	</insert>

    <insert id="linkTagToChatRoom" parameterType="tag">
		<![CDATA[
			insert 
				into chat_room_has_tag 
				values(#{chatRoomNo},#{no})		
        ]]>
	</insert>

     <select id="searchTag" parameterType="String" resultType="Long">
		<![CDATA[
			select no
            from tag 
            where tag = #{name}
        ]]>
	</select>

	<select id="getTags" parameterType="Long" resultType="tag">
		<![CDATA[
		select t1.tag as tag
		from tag t1, chat_room_has_tags t2
		where t1.no = t2.tags_no
		and t2.chat_room_no = #{chattingRoomNo }
		]]>
	</select>

	<delete id="unlinkTag" parameterType="Long">
	<![CDATA[
		delete from chat_room_has_tag
		where chat_room_no = #{chatRoomNo }
	]]>
	</delete>

</mapper>