<?xml version="1.0" encoding="UTF-8" ?>

<!DOCTYPE configuration PUBLIC "-//mybatis.org//DTD Config 3.0//EN"
"http://mybatis.org/dtd/mybatis-3-config.dtd">
<configuration>
	<typeAliases>
		<typeAlias type="com.douzone.mehago.vo.Account" alias="account"/>
		<typeAlias type="com.douzone.mehago.vo.PasswordVo" alias="passwordvo"/>
		<typeAlias type="com.douzone.mehago.vo.ChatRoom" alias="chatroom"/>
		<typeAlias type="com.douzone.mehago.vo.Participant" alias="participant"/>
		<typeAlias type="com.douzone.mehago.vo.PasswordVo" alias="passwordvo"/>
		<typeAlias type="com.douzone.mehago.vo.Tag" alias="tag"/>
		<typeAlias type="com.douzone.mehago.vo.Todo" alias="todo"/>
		<typeAlias type="com.douzone.mehago.vo.Notice" alias="notice"/>
		<typeAlias type="com.douzone.mehago.vo.FileUpload" alias="fileupload"/>
		<typeAlias type="com.douzone.mehago.vo.Message" alias="message"/>
		<typeAlias type="com.douzone.mehago.vo.PasswordVo" alias="passwordvo"/>
		<typeAlias type="com.douzone.mehago.vo.Alarm" alias="alarm"/>
	</typeAliases>
	<mappers>
		<mapper resource="mybatis/mappers/account.xml" />
		<mapper resource="mybatis/mappers/chatroom.xml" />
		<mapper resource="mybatis/mappers/message.xml" />
		<mapper resource="mybatis/mappers/participant.xml" />
		<mapper resource="mybatis/mappers/tag.xml" />
		<mapper resource="mybatis/mappers/todo.xml" />
		<mapper resource="mybatis/mappers/notice.xml" />
		<mapper resource="mybatis/mappers/fileupload.xml" />
		<mapper resource="mybatis/mappers/alarm.xml" />
	</mappers>
</configuration>