<?xml version="1.0" encoding="UTF-8" ?>

<!DOCTYPE mapper PUBLIC "-//mybatis.org//DTD Mapper 3.0//EN"
"http://mybatis.org/dtd/mybatis-3-mapper.dtd">

<mapper namespace="account">

	<insert id="insert" parameterType="account">
		<![CDATA[
			insert 
				into account 
				values(null,#{email},#{password},#{nickname},#{phoneNumber},#{name},#{thumbnailUrl}, now());
		]]>
	</insert>

	<select id="findById" parameterType="Long" resultType="account">
		<![CDATA[
			select id, email, name, gender
				from account
				where id = #{id}
		]]>
	</select>

	<update id="updateNickname" parameterType="account">
		<![CDATA[
		    update account
		    set nickname=#{nickname }
		    where no=${no }
		]]>
	</update>

    <update id="updatePassword" parameterType="account">
		<![CDATA[
		    update account
		    set password=#{password}
		    where no=${no }
		]]>
	</update>

    <update id="updateUserInfo" parameterType="account">
		<![CDATA[
		    update account
		    set name=#{name },
		        phone_number=#{phoneNumber}
		    where id=${id }
		]]>
	</update>

	<select id="findByEmailAndPassword" parameterType="account"
		resultType="account">
		<![CDATA[
		select no, email, nickname
		  from account 
		 where email = #{email } 
		   and password = #{password } 
		   ]]>
	</select>
</mapper>